,bp_rp,Gaia_G_EDR3,phase
0,2.239830999999999,24.494631208558026,0.0
1,2.2176659999999995,24.409392208558028,0.0
2,2.194527000000001,24.31505820855803,0.0
3,2.172080000000001,24.221950208558027,0.0
4,2.1500909999999998,24.129340208558027,0.0
5,2.1282010000000007,24.035894208558027,0.0
6,2.105509999999999,23.937697208558028,0.0
7,2.083755,23.84217520855803,0.0
8,2.0618979999999993,23.744892208558028,0.0
9,2.0401929999999986,23.64705520855803,0.0
10,2.0181020000000007,23.54628820855803,0.0
11,1.9970240000000015,23.44909720855803,0.0
12,1.9746400000000008,23.34597320855803,0.0
13,1.953190000000001,23.24413920855803,0.0
14,1.9330850000000002,23.142405208558028,0.0
15,1.917313,23.030379208558028,0.0
16,1.9021240000000006,22.91161020855803,0.0
17,1.8870819999999995,22.79501120855803,0.0
18,1.8722139999999996,22.680397208558027,0.0
19,1.8572039999999994,22.564767208558028,0.0
20,1.8436970000000006,22.457466208558028,0.0
21,1.8349660000000014,22.371342208558026,0.0
22,1.8284119999999984,22.292350208558027,0.0
23,1.8221549999999986,22.21697620855803,0.0
24,1.8159530000000004,22.142312208558028,0.0
25,1.8095610000000004,22.066055208558026,0.0
26,1.8036729999999999,21.99560520855803,0.0
27,1.7995169999999998,21.947713208558028,0.0
28,1.7955830000000006,21.90318520855803,0.0
29,1.7919159999999987,21.86133620855803,0.0
30,1.7884799999999998,21.821811208558028,0.0
31,1.78477,21.779156208558028,0.0
32,1.78125,21.738453208558028,0.0
33,1.7779819999999997,21.69996020855803,0.0
34,1.7747899999999994,21.66192020855803,0.0
35,1.7709869999999999,21.622594208558027,0.0
36,1.7663499999999992,21.58901320855803,0.0
37,1.7627569999999988,21.56346520855803,0.0
38,1.7598400000000005,21.54311420855803,0.0
39,1.7573530000000002,21.525741208558028,0.0
40,1.754975,21.50894920855803,0.0
41,1.7527429999999988,21.49320020855803,0.0
42,1.7506280000000007,21.478731208558028,0.0
43,1.7486449999999998,21.46508420855803,0.0
44,1.7466620000000006,21.451331208558027,0.0
45,1.7445889999999995,21.43693620855803,0.0
46,1.7425230000000003,21.42268120855803,0.0
47,1.7404890000000002,21.408797208558028,0.0
48,1.7382919999999995,21.393727208558026,0.0
49,1.7361430000000002,21.378901208558027,0.0
50,1.7340020000000003,21.36408520855803,0.0
51,1.7319980000000008,21.35044520855803,0.0
52,1.7300900000000006,21.337505208558028,0.0
53,1.7281180000000003,21.324197208558026,0.0
54,1.7262139999999988,21.31123620855803,0.0
55,1.7243779999999997,21.298752208558028,0.0
56,1.7222819999999999,21.285373208558028,0.0
57,1.7200690000000005,21.271186208558028,0.0
58,1.717727,21.25607820855803,0.0
59,1.7153840000000002,21.24089120855803,0.0
60,1.713051,21.22542220855803,0.0
61,1.7107150000000004,21.209495208558028,0.0
62,1.706168,21.18046120855803,0.0
63,1.7015659999999997,21.15114420855803,0.0
64,1.6971720000000001,21.122836208558027,0.0
65,1.6907360000000011,21.08251720855803,0.0
66,1.6831509999999987,21.03543620855803,0.0
67,1.6745400000000004,20.983948208558026,0.0
68,1.6648809999999994,20.92765820855803,0.0
69,1.6480990000000002,20.835832208558028,0.0
70,1.6313659999999999,20.754830208558026,0.0
71,1.6149200000000006,20.677049208558028,0.0
72,1.5978279999999998,20.596472208558026,0.0
73,1.581099,20.51780520855803,0.0
74,1.5643000000000011,20.439031208558028,0.0
75,1.547325999999999,20.359598208558026,0.0
76,1.5296789999999998,20.28251220855803,0.0
77,1.510680999999999,20.20621920855803,0.0
78,1.4919850000000006,20.13104420855803,0.0
79,1.4730180000000006,20.05441920855803,0.0
80,1.454464999999999,19.97829020855803,0.0
81,1.4360289999999996,19.901443208558028,0.0
82,1.417787999999999,19.824181208558027,0.0
83,1.3998529999999993,19.74742020855803,0.0
84,1.3809930000000001,19.66967820855803,0.0
85,1.3611060000000004,19.59143520855803,0.0
86,1.3413540000000008,19.51274520855803,0.0
87,1.321803,19.433932208558026,0.0
88,1.3024690000000003,19.35500720855803,0.0
89,1.2835290000000006,19.276470208558028,0.0
90,1.2649609999999996,19.19812320855803,0.0
91,1.2466499999999998,19.119754208558028,0.0
92,1.2283109999999997,19.04203720855803,0.0
93,1.208603,18.95982820855803,0.0
94,1.189037,18.878417208558027,0.0
95,1.1814689999999999,18.846947208558028,0.0
96,1.1739229999999994,18.81560820855803,0.0
97,1.1663769999999998,18.784287208558027,0.0
98,1.1586689999999997,18.75213020855803,0.0
99,1.1509649999999993,18.719835208558028,0.0
100,1.143205,18.68709020855803,0.0
101,1.1353530000000003,18.65373820855803,0.0
102,1.1274889999999997,18.620130208558027,0.0
103,1.1195570000000004,18.58597320855803,0.0
104,1.1116080000000004,18.551508208558026,0.0
105,1.103593,18.51641120855803,0.0
106,1.09558,18.48106520855803,0.0
107,1.0875259999999995,18.445152208558028,0.0
108,1.0794620000000004,18.40900620855803,0.0
109,1.0729940000000004,18.378864208558028,0.0
110,1.0667969999999993,18.349684208558028,0.0
111,1.0606860000000005,18.32065720855803,0.0
112,1.054665,18.291808208558027,0.0
113,1.048724,18.26305120855803,0.0
114,1.0428769999999998,18.234461208558027,0.0
115,1.0371139999999999,18.20589120855803,0.0
116,1.0314509999999997,18.177477208558027,0.0
117,1.0258779999999996,18.149015208558026,0.0
118,1.020403,18.120676208558027,0.0
119,1.015015,18.092309208558028,0.0
120,1.0097300000000002,18.063975208558027,0.0
121,1.0045480000000007,18.035722208558028,0.0
122,0.999466,18.007517208558028,0.0
123,0.9944819999999996,17.97943520855803,0.0
124,0.9895909999999999,17.951379208558027,0.0
125,0.9847960000000002,17.92338620855803,0.0
126,0.9800940000000002,17.895495208558028,0.0
127,0.9754819999999995,17.867613208558026,0.0
128,0.9709640000000004,17.839810208558028,0.0
129,0.966532,17.81210020855803,0.0
130,0.9621950000000004,17.784415208558027,0.0
131,0.9579459999999997,17.756798208558028,0.0
132,0.9537819999999995,17.729249208558027,0.0
133,0.9497729999999995,17.701994208558027,0.0
134,0.945862,17.67478920855803,0.0
135,0.9420000000000002,17.64719320855803,0.0
136,0.9381529999999998,17.61843920855803,0.0
137,0.9344099999999997,17.589851208558027,0.0
138,0.9307679999999996,17.561386208558027,0.0
139,0.9272270000000002,17.533018208558026,0.0
140,0.9237839999999995,17.504813208558026,0.0
141,0.9204360000000005,17.476761208558028,0.0
142,0.9171829999999996,17.448853208558027,0.0
143,0.9140229999999994,17.42108520855803,0.0
144,0.9109530000000001,17.39346020855803,0.0
145,0.9079769999999998,17.36597020855803,0.0
146,0.9050929999999999,17.338618208558028,0.0
147,0.9022969999999999,17.31139320855803,0.0
148,0.8995860000000002,17.284290208558026,0.0
149,0.8969610000000001,17.25728820855803,0.0
150,0.8944179999999999,17.230400208558027,0.0
151,0.8919580000000007,17.203632208558027,0.0
152,0.8895770000000001,17.176972208558027,0.0
153,0.8872719999999994,17.150395208558027,0.0
154,0.8850439999999997,17.123873208558027,0.0
155,0.8828860000000001,17.097399208558027,0.0
156,0.8808020000000001,17.07098320855803,0.0
157,0.8787910000000005,17.044625208558028,0.0
158,0.8768509999999994,17.01831920855803,0.0
159,0.8749820000000001,16.992067208558026,0.0
160,0.8731849999999994,16.96587920855803,0.0
161,0.8714599999999999,16.93975620855803,0.0
162,0.8698160000000001,16.913728208558027,0.0
163,0.8682569999999998,16.88786120855803,0.0
164,0.8667870000000004,16.86219320855803,0.0
165,0.8654250000000001,16.836824208558028,0.0
166,0.8641770000000006,16.81178620855803,0.0
167,0.8630500000000003,16.78713120855803,0.0
168,0.8620419999999998,16.762786208558026,0.0
169,0.8611610000000001,16.738889208558028,0.0
170,0.8603940000000003,16.715308208558028,0.0
171,0.8597460000000003,16.692068208558027,0.0
172,0.8592130000000004,16.66908720855803,0.0
173,0.8587890000000007,16.64636820855803,0.0
174,0.8584779999999999,16.623889208558026,0.0
175,0.8582829999999992,16.601636208558027,0.0
176,0.8581970000000005,16.579615208558028,0.0
177,0.8582209999999995,16.55781820855803,0.0
178,0.8583670000000003,16.536243208558027,0.0
179,0.8586279999999995,16.51489820855803,0.0
180,0.8590029999999995,16.49378520855803,0.0
181,0.8594980000000003,16.47289820855803,0.0
182,0.8601130000000001,16.452251208558028,0.0
183,0.8608419999999999,16.431773208558027,0.0
184,0.8616779999999995,16.41145620855803,0.0
185,0.8626319999999996,16.39133820855803,0.0
186,0.8636989999999996,16.371477208558026,0.0
187,0.8648799999999999,16.351957208558026,0.0
188,0.8661849999999998,16.33271720855803,0.0
189,0.8676240000000002,16.31368320855803,0.0
190,0.869189,16.29488520855803,0.0
191,0.8708799999999997,16.27635520855803,0.0
192,0.8727040000000001,16.25814420855803,0.0
193,0.8747130000000003,16.24065220855803,0.0
194,0.8768510000000003,16.22338620855803,0.0
195,0.8790879999999999,16.20621920855803,2.0
196,0.884417,16.16884320855803,2.0
197,0.8902340000000004,16.132043208558027,2.0
198,0.8965399999999999,16.09576920855803,2.0
199,0.9033520000000004,16.060222208558027,2.0
200,0.9106800000000002,16.02538420855803,2.0
201,0.9184960000000002,15.99116820855803,2.0
202,0.9267810000000001,15.957490208558028,2.0
203,0.9354939999999998,15.924205208558028,2.0
204,0.9445869999999998,15.891172208558029,2.0
205,0.9539509999999995,15.858209208558028,2.0
206,0.9635030000000002,15.825189208558028,2.0
207,0.9731610000000002,15.791888208558028,2.0
208,0.9827609999999996,15.757919208558029,2.0
209,0.9922360000000001,15.723107208558028,2.0
210,1.001433,15.68714220855803,2.0
211,1.010205,15.649779208558028,2.0
212,1.0184530000000005,15.610910208558028,2.0
213,1.0261170000000002,15.570541208558028,2.0
214,1.033181,15.528768208558027,2.0
215,1.0396379999999996,15.485704208558028,2.0
216,1.045512,15.441508208558028,2.0
217,1.050865,15.396370208558029,2.0
218,1.0557380000000003,15.350433208558028,2.0
219,1.0602299999999998,15.303620208558028,2.0
220,1.0643830000000003,15.256185208558028,2.0
221,1.068234,15.208302208558028,2.0
222,1.0718320000000001,15.160048208558027,2.0
223,1.075218,15.111469208558027,2.0
224,1.078417,15.062624208558027,2.0
225,1.0814619999999997,15.013547208558029,2.0
226,1.0843829999999999,14.964276208558028,2.0
227,1.0872080000000004,14.914834208558029,2.0
228,1.0899640000000002,14.865260208558029,2.0
229,1.092654,14.815563208558029,2.0
230,1.0952799999999998,14.765761208558029,2.0
231,1.097883,14.715880208558028,2.0
232,1.100453,14.665922208558028,2.0
233,1.1030000000000002,14.61591220855803,2.0
234,1.105549,14.565859208558027,2.0
235,1.1080980000000002,14.515773208558029,2.0
236,1.1106519999999998,14.465659208558028,2.0
237,1.11322,14.41553120855803,2.0
238,1.115806,14.365399208558028,2.0
239,1.118417,14.315267208558028,2.0
240,1.121059,14.265130208558029,2.0
241,1.123818,14.214831208558028,2.0
242,1.1266070000000001,14.164496208558027,2.0
243,1.129441,14.114187208558029,2.0
244,1.13232,14.063906208558029,2.0
245,1.13525,14.013655208558028,2.0
246,1.138237,13.963448208558027,2.0
247,1.1412510000000002,13.913261208558028,2.0
248,1.144346,13.863132208558028,2.0
249,1.1474840000000002,13.813038208558028,2.0
250,1.1506519999999998,13.76297920855803,2.0
251,1.153916,13.712963208558028,2.0
252,1.157223,13.662971208558028,2.0
253,1.160594,13.613014208558027,2.0
254,1.1640300000000001,13.563090208558028,2.0
255,1.167551,13.513216208558028,2.0
256,1.1711140000000002,13.463375208558029,2.0
257,1.1747690000000002,13.413593208558028,2.0
258,1.178475,13.36385220855803,2.0
259,1.182229,13.314147208558028,2.0
260,1.186048,13.264504208558028,2.0
261,1.1899159999999998,13.214905208558028,2.0
262,1.1938870000000001,13.165297208558028,2.0
263,1.1980330000000001,13.115642208558029,2.0
264,1.202232,13.066050208558028,2.0
265,1.206491,13.016521208558029,2.0
266,1.210817,12.967072208558028,2.0
267,1.215197,12.917694208558029,2.0
268,1.219633,12.868400208558029,2.0
269,1.224119,12.819191208558028,2.0
270,1.2286160000000002,12.770031208558029,2.0
271,1.233156,12.720963208558029,2.0
272,1.237738,12.671994208558027,2.0
273,1.242298,12.623073208558028,2.0
274,1.246918,12.574269208558029,2.0
275,1.251551,12.525498208558028,2.0
276,1.256259,12.476792208558027,2.0
277,1.2610569999999999,12.428164208558028,2.0
278,1.2659310000000001,12.379605208558027,2.0
279,1.270892,12.331139208558028,2.0
280,1.275878,12.282747208558028,2.0
281,1.280761,12.234840208558028,2.0
282,1.285977,12.186641208558028,2.0
283,1.291245,12.139425208558029,2.0
284,1.296754,12.091379208558028,2.0
285,1.301557,12.044102208558028,2.0
286,1.3070309999999998,11.996956208558029,2.0
287,1.313345,11.949582208558029,2.0
288,1.31974,11.901953208558028,2.0
289,1.326182,11.854284208558028,2.0
290,1.332746,11.806710208558028,2.0
291,1.339401,11.759214208558028,2.0
292,1.346225,11.711874208558028,2.0
293,1.353078,11.664529208558028,2.0
294,1.360075,11.617313208558029,2.0
295,1.367226,11.570237208558028,2.0
296,1.374326,11.523196208558028,2.0
297,1.381415,11.476265208558027,2.0
298,1.388509,11.429468208558028,2.0
299,1.395527,11.382682208558029,2.0
300,1.402569,11.336022208558028,2.0
301,1.4096009999999999,11.289461208558029,2.0
302,1.416658,11.243022208558028,2.0
303,1.423681,11.196583208558028,2.0
304,1.431319,11.150411208558028,2.0
305,1.438958,11.104281208558028,2.0
306,1.446705,11.058303208558028,2.0
307,1.4544839999999999,11.012406208558028,2.0
308,1.462409,10.966707208558029,2.0
309,1.470362,10.921071208558029,2.0
310,1.478451,10.875639208558027,2.0
311,1.4865659999999998,10.830203208558029,2.0
312,1.494796,10.784892208558029,2.0
313,1.503153,10.739798208558028,2.0
314,1.5116359999999998,10.694845208558029,2.0
315,1.520231,10.649981208558028,2.0
316,1.5287910000000002,10.605103208558027,2.0
317,1.5374780000000001,10.560487208558028,2.0
318,1.546037,10.515988208558028,2.0
319,1.55471,10.471864208558028,2.0
320,1.563427,10.427824208558029,2.0
321,1.572255,10.383832208558028,2.0
322,1.5811289999999998,10.339821208558028,2.0
323,1.5901679999999998,10.295925208558028,2.0
324,1.5999020000000002,10.252170208558027,2.0
325,1.60992,10.208983208558028,2.0
326,1.619801,10.165446208558029,2.0
327,1.62987,10.122236208558029,2.0
328,1.639992,10.079079208558028,2.0
329,1.6501819999999998,10.036018208558028,2.0
330,1.6605010000000002,9.993136208558028,2.0
331,1.6709269999999998,9.950458208558029,2.0
332,1.68136,9.907778208558028,2.0
333,1.6919530000000003,9.865416208558027,2.0
334,1.7026059999999998,9.823058208558027,2.0
335,1.713253,9.780773208558028,2.0
336,1.7239509999999998,9.738678208558028,2.0
337,1.734599,9.696621208558028,2.0
338,1.7444779999999998,9.657549208558027,2.0
339,1.7547929999999998,9.617097208558029,2.0
340,1.7653770000000002,9.575198208558028,2.0
341,1.775815,9.533654208558028,2.0
342,1.786401,9.491910208558028,2.0
343,1.797285,9.450333208558028,2.0
344,1.8087820000000001,9.408680208558028,2.0
345,1.820312,9.367150208558028,2.0
346,1.8314890000000001,9.325078208558029,3.0
347,1.822587,9.350383208558029,3.0
348,1.6909140000000003,9.758082208558028,3.0
349,1.5635690000000002,10.212156208558028,3.0
350,1.4524830000000002,10.685569208558029,3.0
351,1.345236,11.172862208558028,3.0
352,1.250654,11.671664208558028,3.0
353,1.17078,12.188947208558028,3.0
354,1.132512,12.667448208558028,3.0
355,1.178151,12.395451208558029,3.0
356,1.244311,11.904989208558028,3.0
357,1.3219260000000002,11.40224420855803,3.0
358,1.341411,11.260743208558027,3.0
359,1.267185,11.655652208558028,3.0
360,1.270066,11.660425208558028,3.0
361,1.265496,11.661871208558027,3.0
362,1.2041300000000001,12.02130320855803,3.0
363,1.224031,11.884002208558028,3.0
364,1.16321,12.166565208558028,3.0
365,1.1558570000000001,12.173593208558028,3.0
366,1.1001509999999999,12.395324208558028,3.0
367,1.000127,12.577245208558029,3.0
368,0.8946050000000001,12.664693208558027,3.0
369,0.7083170000000001,12.746078208558028,3.0
370,0.5847390000000001,12.903112208558028,3.0
371,0.518219,12.844387208558029,3.0
372,0.349707,13.093053208558029,3.0
373,0.3387279999999999,13.117778208558029,3.0
374,0.334657,13.129100208558029,3.0
375,0.332449,13.135969208558029,3.0
376,0.3323069999999999,13.136388208558028,3.0
377,0.33230499999999985,13.136394208558029,3.0
378,0.3323019999999999,13.136401208558029,3.0
379,0.33230000000000004,13.136406208558029,3.0
380,0.3322959999999999,13.136414208558028,3.0
381,0.33229299999999995,13.136422208558027,3.0
382,0.33228900000000006,13.136431208558028,3.0
383,0.33228499999999994,13.136442208558028,3.0
384,0.33228000000000013,13.136455208558028,3.0
385,0.3322719999999999,13.136472208558029,3.0
386,0.33226199999999984,13.136496208558029,3.0
387,0.33224200000000015,13.136543208558027,3.0
388,0.33213800000000004,13.136777208558028,3.0
389,0.3289709999999999,13.144060208558027,3.0
390,0.321307,13.163695208558028,3.0
391,0.313426,13.187746208558028,3.0
392,0.30671399999999993,13.21465620855803,3.0
393,0.3072030000000001,13.222394208558029,3.0
394,0.31491500000000006,13.201136208558028,3.0
395,0.32235599999999986,13.184220208558028,3.0
396,0.32653599999999994,13.172626208558029,3.0
397,0.33270100000000014,13.159401208558029,3.0
398,0.339596,13.145889208558028,3.0
399,0.3508110000000001,13.121047208558029,3.0
400,0.361042,13.098008208558028,3.0
401,0.3735250000000001,13.074898208558029,3.0
402,0.38720699999999997,13.054159208558028,3.0
403,0.40127499999999994,13.034029208558028,3.0
404,0.4161680000000001,13.014832208558028,3.0
405,0.4303720000000001,12.997706208558029,3.0
406,0.42858200000000013,12.996930208558028,3.0
407,0.44112699999999994,12.982151208558028,3.0
408,0.45679499999999995,12.965464208558029,3.0
409,0.473245,12.947993208558028,3.0
410,0.49023700000000003,12.931413208558029,3.0
411,0.5090140000000001,12.915496208558029,3.0
412,0.5225810000000001,12.905108208558028,3.0
413,0.541816,12.888659208558028,3.0
414,0.5610120000000001,12.872455208558028,3.0
415,0.580217,12.857295208558028,3.0
416,0.5947199999999999,12.845523208558028,3.0
417,0.605292,12.839033208558028,3.0
418,0.6232380000000001,12.826287208558028,3.0
419,0.641389,12.809478208558028,3.0
420,0.6591180000000001,12.793925208558028,3.0
421,0.677387,12.778680208558029,3.0
422,0.675181,12.780459208558028,3.0
423,0.6940580000000001,12.767815208558028,3.0
424,0.7122140000000001,12.750683208558028,3.0
425,0.730299,12.734535208558029,3.0
426,0.744178,12.721521208558029,3.0
427,0.753047,12.713361208558029,3.0
428,0.764977,12.701398208558029,3.0
429,0.7825110000000002,12.686918208558028,3.0
430,0.8005820000000001,12.670837208558028,3.0
431,0.8187360000000001,12.655629208558029,3.0
432,0.833515,12.644700208558028,3.0
433,0.850295,12.632175208558028,3.0
434,0.8679690000000001,12.616025208558028,3.0
435,0.8854659999999999,12.599588208558028,3.0
436,0.902835,12.582249208558029,3.0
437,0.920117,12.563742208558029,3.0
438,0.937317,12.544340208558028,3.0
439,0.9543069999999999,12.523651208558029,3.0
440,0.970981,12.501235208558029,3.0
441,0.987223,12.476737208558028,3.0
442,1.003018,12.450541208558029,3.0
443,1.018397,12.423041208558029,3.0
444,1.03334,12.394377208558028,3.0
445,1.04783,12.364729208558028,3.0
446,1.061792,12.334157208558029,3.0
447,1.0751330000000001,12.302638208558028,3.0
448,1.087775,12.270194208558028,4.0
449,1.095222,12.249169208558028,4.0
450,1.102356,12.227629208558028,4.0
451,1.109359,12.204953208558027,4.0
452,1.116234,12.181394208558029,4.0
453,1.122971,12.157238208558029,4.0
454,1.1296119999999998,12.132708208558029,4.0
455,1.136128,12.107820208558028,4.0
456,1.142539,12.082657208558029,4.0
457,1.148864,12.057235208558028,4.0
458,1.155116,12.031591208558028,4.0
459,1.1613380000000002,12.005706208558028,4.0
460,1.167491,11.979593208558029,4.0
461,1.1735929999999999,11.953293208558028,4.0
462,1.179703,11.926859208558028,4.0
463,1.185806,11.900226208558028,4.0
464,1.191802,11.873432208558029,4.0
465,1.1977470000000001,11.846588208558028,4.0
466,1.20343,11.820447208558027,4.0
467,1.2087379999999999,11.795765208558029,4.0
468,1.213838,11.771353208558029,4.0
469,1.216034,11.760251208558028,4.0
470,1.2163460000000001,11.758169208558028,4.0
471,1.216474,11.756501208558028,4.0
472,1.2115420000000001,11.776661208558028,4.0
473,1.20577,11.802873208558028,4.0
474,1.200332,11.827449208558027,4.0
475,1.195106,11.851362208558028,4.0
476,1.191008,11.869813208558028,4.0
477,1.188917,11.878441208558028,4.0
478,1.1885409999999998,11.879710208558029,4.0
479,1.19089,11.869226208558029,4.0
480,1.195203,11.850603208558029,4.0
481,1.200201,11.829649208558028,4.0
482,1.20572,11.807655208558028,4.0
483,1.211781,11.783083208558029,4.0
484,1.217801,11.757302208558029,4.0
485,1.223623,11.731107208558027,4.0
486,1.229287,11.704722208558028,4.0
487,1.2348599999999998,11.678210208558028,4.0
488,1.240313,11.651507208558028,4.0
489,1.24571,11.624669208558029,4.0
490,1.251068,11.597748208558029,4.0
491,1.256356,11.570689208558028,4.0
492,1.261665,11.543606208558028,4.0
493,1.266945,11.516440208558029,4.0
494,1.272286,11.489304208558028,4.0
495,1.277575,11.462093208558029,4.0
496,1.2829000000000002,11.434877208558028,4.0
497,1.2882310000000001,11.407625208558029,4.0
498,1.293563,11.380347208558028,4.0
499,1.298907,11.353051208558028,4.0
500,1.3043399999999998,11.325818208558028,4.0
501,1.30978,11.298568208558029,4.0
502,1.3152220000000001,11.271298208558028,4.0
503,1.320693,11.244041208558029,4.0
504,1.326213,11.216803208558028,4.0
505,1.3318,11.189614208558028,4.0
506,1.337338,11.162361208558028,4.0
507,1.342933,11.135147208558028,4.0
508,1.348614,11.108020208558028,4.0
509,1.3543120000000002,11.080890208558028,4.0
510,1.360249,11.053782208558028,4.0
511,1.366203,11.026700208558028,4.0
512,1.372301,10.999771208558029,4.0
513,1.3783400000000001,10.972798208558029,4.0
514,1.384367,10.945897208558028,4.0
515,1.390343,10.919040208558028,4.0
516,1.396297,10.892242208558027,4.0
517,1.402166,10.865445208558029,4.0
518,1.408031,10.83870920855803,4.0
519,1.4138469999999999,10.811981208558029,4.0
520,1.419698,10.785339208558028,4.0
521,1.425558,10.758748208558028,4.0
522,1.431324,10.732078208558029,4.0
523,1.437124,10.705456208558028,4.0
524,1.4429059999999998,10.678818208558027,4.0
525,1.4487259999999997,10.652214208558028,4.0
526,1.454522,10.625568208558029,4.0
527,1.4603669999999997,10.598958208558027,4.0
528,1.466255,10.572375208558029,4.0
529,1.472131,10.545752208558028,4.0
530,1.4780490000000002,10.519148208558029,4.0
531,1.483983,10.492537208558028,4.0
532,1.490001,10.465993208558029,4.0
533,1.496006,10.439406208558028,4.0
534,1.5020789999999997,10.412875208558027,4.0
535,1.508116,10.386288208558028,4.0
536,1.514243,10.359801208558029,4.0
537,1.520403,10.333351208558028,4.0
538,1.5266199999999999,10.306991208558028,4.0
539,1.532835,10.280638208558027,4.0
540,1.5390990000000002,10.254331208558028,4.0
541,1.5453159999999997,10.227991208558029,4.0
542,1.5519850000000002,10.201818208558029,4.0
543,1.5586069999999999,10.175627208558028,4.0
544,1.5652860000000002,10.149496208558029,4.0
545,1.572017,10.123450208558028,4.0
546,1.5787879999999999,10.097472208558028,4.0
547,1.585572,10.071528208558028,4.0
548,1.5923900000000002,10.045642208558029,4.0
549,1.5991600000000001,10.019712208558028,5.0
550,1.6082690000000002,9.98563120855803,5.0
551,1.617364,9.95154720855803,5.0
552,1.626497,9.917537208558029,5.0
553,1.6356600000000001,9.883610208558029,5.0
554,1.644726,9.850382208558027,5.0
555,1.6540739999999998,9.816474208558027,5.0
556,1.660228,9.794513208558028,5.0
557,1.659436,9.797583208558027,5.0
558,1.6581200000000003,9.802237208558028,5.0
559,1.6522080000000001,9.822162208558028,5.0
560,1.647423,9.838759208558027,5.0
561,1.6382850000000002,9.869037208558028,5.0
562,1.629922,9.897947208558028,5.0
563,1.6217329999999999,9.925711208558027,5.0
564,1.6129050000000003,9.957014208558029,5.0
565,1.603886,9.988236208558028,5.0
566,1.595293,10.020066208558028,5.0
567,1.5866529999999999,10.051860208558029,5.0
568,1.5780779999999999,10.084377208558028,5.0
569,1.5688050000000002,10.119131208558029,5.0
570,1.559812,10.154268208558028,5.0
571,1.5512110000000001,10.188961208558029,5.0
572,1.542084,10.224050208558028,5.0
573,1.5335770000000002,10.259432208558028,5.0
574,1.5254299999999998,10.295239208558028,5.0
575,1.5172729999999999,10.331065208558028,5.0
576,1.509321,10.367140208558029,5.0
577,1.501564,10.403435208558028,5.0
578,1.493649,10.439564208558028,5.0
579,1.4858629999999997,10.475859208558028,5.0
580,1.478472,10.512625208558028,5.0
581,1.4710969999999999,10.549439208558027,5.0
582,1.463896,10.586470208558028,5.0
583,1.4569800000000002,10.623837208558028,5.0
584,1.4503180000000002,10.661504208558028,5.0
585,1.443739,10.699292208558028,5.0
586,1.4387089999999998,10.736677208558028,5.0
587,1.441625,10.73621520855803,5.0
588,1.446284,10.71539920855803,5.0
589,1.45092,10.693119208558029,5.0
590,1.4556029999999998,10.670908208558028,5.0
591,1.460655,10.648419208558028,5.0
592,1.4678650000000002,10.615011208558029,5.0
593,1.4749430000000001,10.581466208558028,5.0
594,1.4820029999999997,10.547922208558028,5.0
595,1.4891100000000002,10.514446208558029,5.0
596,1.4962720000000003,10.481046208558029,5.0
597,1.504124,10.444911208558029,5.0
598,1.5120929999999997,10.408871208558029,5.0
599,1.5200939999999998,10.372867208558029,5.0
600,1.528168,10.336976208558028,5.0
601,1.536347,10.301217208558029,5.0
602,1.5445819999999997,10.265610208558028,5.0
603,1.5530499999999998,10.230125208558029,5.0
604,1.562041,10.195069208558028,5.0
605,1.571227,10.160344208558028,5.0
606,1.5803839999999998,10.125594208558027,5.0
607,1.589465,10.090699208558028,5.0
608,1.598543,10.055831208558029,5.0
609,1.607677,10.021058208558028,5.0
610,1.6169090000000002,9.986423208558028,5.0
611,1.6262109999999999,9.951892208558029,5.0
612,1.6356350000000002,9.917544208558029,5.0
613,1.645155,9.883347208558028,5.0
614,1.6547930000000002,9.849334208558028,5.0
615,1.664591,9.81556720855803,5.0
616,1.6746379999999998,9.782160208558029,5.0
617,1.6851619999999998,9.749437208558028,5.0
618,1.6964020000000002,9.717764208558028,5.0
619,1.7074479999999999,9.685807208558028,5.0
620,1.7184220000000001,9.653845208558028,5.0
621,1.7292789999999998,9.621845208558028,5.0
622,1.7400969999999998,9.589895208558028,5.0
623,1.7507610000000002,9.557847208558028,5.0
624,1.7629000000000001,9.535597208558029,5.0
625,1.777236,9.522091208558027,5.0
626,1.7885570000000002,9.491834208558029,5.0
627,1.800759,9.461565208558028,5.0
628,1.812877,9.431129208558028,5.0
629,1.824865,9.400480208558028,5.0
630,1.837538,9.370898208558028,5.0
631,1.851561,9.343681208558028,5.0
632,1.8664120000000002,9.31784820855803,5.0
633,1.881037,9.291436208558029,5.0
634,1.8957539999999997,9.265041208558028,5.0
635,1.9106709999999998,9.238862208558029,5.0
636,1.925797,9.213113208558028,5.0
637,1.940963,9.187530208558028,5.0
638,1.9559570000000002,9.161616208558028,5.0
639,1.9707880000000002,9.13543220855803,5.0
640,1.985349,9.108802208558028,5.0
641,1.999683,9.081839208558028,5.0
642,2.013859,9.054811208558029,5.0
643,2.028294,9.028166208558028,5.0
644,2.044976,9.005859208558029,5.0
645,2.0652790000000003,8.991510208558028,5.0
646,2.08555,8.976812208558028,5.0
647,2.1045300000000005,8.958414208558029,5.0
648,2.120447,8.94190820855803,5.0
649,2.131019,8.935025208558027,5.0
650,2.1473,8.94332520855803,5.0
651,2.165588,8.958546208558028,5.0
652,2.181033,8.972448208558028,5.0
653,2.1877450000000005,8.999955208558028,5.0
654,2.182128,9.032777208558029,5.0
655,2.1672710000000004,9.059428208558028,5.0
656,2.152151,9.085726208558029,5.0
657,2.137041,9.112141208558029,5.0
658,2.1214899999999997,9.13775820855803,5.0
659,2.106544,9.164191208558028,5.0
660,2.09182,9.190817208558029,5.0
661,2.076765,9.21683020855803,5.0
662,2.0622169999999995,9.243612208558028,5.0
663,2.047697,9.270363208558027,5.0
664,2.0330699999999995,9.296935208558029,5.0
665,2.0186210000000004,9.323666208558029,5.0
666,2.004283,9.35044620855803,5.0
667,1.9900760000000002,9.377385208558028,5.0
668,1.975842,9.404548208558028,5.0
669,1.961922,9.432226208558028,5.0
670,1.948193,9.460220208558027,5.0
671,1.9342439999999999,9.487871208558028,5.0
672,1.920107,9.515258208558029,5.0
673,1.906773,9.543927208558028,5.0
674,1.8932670000000003,9.57237220855803,5.0
675,1.8800359999999998,9.601371208558028,5.0
676,1.8669980000000002,9.630605208558029,5.0
677,1.8540839999999998,9.659970208558029,5.0
678,1.846585,9.675173208558029,5.0
679,1.8404749999999999,9.688744208558028,5.0
680,1.834707,9.700735208558028,5.0
681,1.8320859999999999,9.704678208558029,5.0
682,1.8292499999999998,9.708262208558029,5.0
683,1.8266499999999999,9.712237208558028,5.0
684,1.8247749999999998,9.714080208558029,5.0
685,1.833437,9.691693208558029,5.0
686,1.84498,9.661534208558027,5.0
687,1.857464,9.631857208558028,5.0
688,1.870326,9.602366208558028,5.0
689,1.883358,9.573056208558029,5.0
690,1.8965130000000001,9.543932208558028,5.0
691,1.909838,9.515161208558029,5.0
692,1.923285,9.486652208558027,5.0
693,1.936883,9.458379208558028,5.0
694,1.950614,9.430332208558028,5.0
695,1.964444,9.402475208558029,5.0
696,1.978406,9.374824208558028,5.0
697,1.9924970000000002,9.347396208558028,5.0
698,2.006499,9.320027208558027,5.0
699,2.020601,9.292794208558028,5.0
700,2.034907,9.265777208558028,5.0
701,2.0493620000000004,9.238902208558027,5.0
702,2.063884,9.212125208558028,5.0
703,2.0754770000000002,9.192574208558028,5.0
704,2.082771,9.18274620855803,5.0
705,2.0865299999999998,9.180296208558028,5.0
706,2.090364,9.177961208558028,5.0
707,2.093992,9.175316208558028,5.0
708,2.0979710000000003,9.173183208558028,5.0
709,2.101681,9.170639208558029,5.0
710,2.1054180000000002,9.16813020855803,5.0
711,2.109247,9.165745208558029,5.0
712,2.1132850000000003,9.163655208558028,5.0
713,2.1078399999999995,9.175831208558028,5.0
714,2.094111,9.200139208558028,5.0
715,2.080275,9.225581208558028,5.0
716,2.065603,9.252212208558028,5.0
717,2.0509259999999996,9.278722208558028,5.0
718,2.0365290000000003,9.305698208558027,5.0
719,2.02198,9.332314208558028,5.0
720,2.007688,9.359224208558029,5.0
721,1.995327,9.382948208558028,5.0
722,1.990242,9.388528208558029,5.0
723,1.986411,9.390750208558028,5.0
724,1.9826409999999999,9.393090208558029,5.0
725,1.9792339999999997,9.396024208558028,5.0
726,1.9755820000000002,9.398555208558028,5.0
727,1.9719630000000001,9.401130208558028,5.0
728,1.9683359999999999,9.403703208558028,5.0
729,1.964726,9.406297208558028,5.0
730,1.9605000000000001,9.411359208558029,5.0
731,1.9531879999999997,9.42292720855803,5.0
732,1.946808,9.432753208558028,5.0
733,1.948986,9.42793520855803,5.0
734,1.953819,9.421366208558029,5.0
735,1.957259,9.418461208558028,5.0
736,1.960684,9.415557208558027,5.0
737,1.964174,9.412740208558027,5.0
738,1.9667420000000002,9.411905208558029,5.0
739,1.969151,9.411338208558028,5.0
740,1.974735,9.40420920855803,5.0
741,1.981435,9.39487420855803,5.0
742,1.9862360000000001,9.388889208558028,5.0
743,1.9951720000000002,9.372861208558028,5.0
744,2.0042099999999996,9.357051208558028,5.0
745,2.011679,9.345170208558027,5.0
746,2.010733,9.351391208558027,5.0
747,1.996555,9.378475208558028,5.0
748,1.9825599999999999,9.405957208558029,5.0
749,1.9686109999999999,9.433589208558029,5.0
750,1.9543420000000002,9.460662208558029,5.0
751,1.942476,9.482670208558028,5.0
752,1.934861,9.494487208558027,5.0
753,1.927318,9.506427208558028,5.0
754,1.916909,9.525734208558028,5.0
755,1.903558,9.554327208558028,5.0
756,1.890052,9.58279920855803,5.0
757,1.876856,9.611822208558028,5.0
758,1.8636550000000003,9.640806208558029,5.0
759,1.8612659999999999,9.646900208558028,5.0
760,1.863606,9.646141208558028,5.0
761,1.8659019999999997,9.64533720855803,5.0
762,1.8682350000000003,9.644605208558028,5.0
763,1.870613,9.643950208558028,5.0
764,1.8673640000000002,9.653995208558028,5.0
765,1.855171,9.681096208558028,5.0
766,1.8465230000000001,9.700764208558027,5.0
767,1.837796,9.72021020855803,5.0
768,1.8293399999999997,9.740105208558028,5.0
769,1.8211499999999998,9.759850208558028,5.0
770,1.812775,9.779829208558027,5.0
771,1.80451,9.79998020855803,5.0
772,1.7961969999999998,9.820049208558029,5.0
773,1.793023,9.827808208558029,5.0
774,1.7981170000000002,9.816512208558027,5.0
775,1.8058130000000001,9.797289208558029,5.0
776,1.816444,9.769618208558029,5.0
777,1.8272230000000003,9.742150208558028,5.0
778,1.838017,9.714672208558028,5.0
779,1.8475000000000001,9.690458208558027,5.0
780,1.8452410000000001,9.691040208558029,5.0
781,1.8429749999999998,9.691661208558028,5.0
782,1.840471,9.692726208558028,5.0
783,1.834956,9.703350208558028,5.0
784,1.8292080000000002,9.713567208558029,5.0
785,1.824637,9.721451208558028,5.0
786,1.819011,9.731832208558028,5.0
787,1.81393,9.74318620855803,5.0
788,1.8041199999999997,9.767184208558028,5.0
789,1.798601,9.78073320855803,5.0
790,1.801208,9.776788208558028,5.0
791,1.805197,9.76821520855803,5.0
792,1.807821,9.764076208558029,5.0
793,1.8103779999999998,9.760778208558028,5.0
794,1.8122719999999999,9.759528208558027,5.0
795,1.8149719999999998,9.756449208558028,5.0
796,1.812045,9.766211208558028,5.0
797,1.801369,9.793815208558028,5.0
798,1.7908480000000002,9.821665208558027,5.0
799,1.7802209999999998,9.849341208558029,5.0
800,1.769877,9.87752120855803,5.0
801,1.759453,9.905319208558028,5.0
802,1.7510799999999997,9.928178208558029,5.0
803,1.7408860000000002,9.956648208558029,5.0
804,1.7305439999999999,9.98555520855803,5.0
805,1.719816,10.017213208558028,5.0
806,1.709071,10.048897208558028,5.0
807,1.6984769999999998,10.080918208558028,5.0
808,1.6876300000000002,10.112650208558028,5.0
809,1.677425,10.145173208558028,5.0
810,1.667176,10.177145208558029,5.0
811,1.6571829999999999,10.210252208558028,5.0
812,1.647308,10.243511208558028,5.0
813,1.6375350000000002,10.276938208558029,5.0
814,1.628106,10.310814208558028,5.0
815,1.6214000000000002,10.336661208558029,5.0
816,1.6148119999999997,10.359746208558029,5.0
817,1.6119089999999998,10.371835208558029,5.0
818,1.609913,10.376895208558029,5.0
819,1.607687,10.381641208558028,5.0
820,1.605613,10.386602208558028,5.0
821,1.6036190000000001,10.39167720855803,5.0
822,1.601739,10.396904208558029,5.0
823,1.5999179999999997,10.402211208558029,5.0
824,1.5982160000000003,10.407680208558029,5.0
825,1.5965119999999997,10.413051208558029,5.0
826,1.5950069999999998,10.418656208558028,5.0
827,1.5937129999999997,10.424543208558028,5.0
828,1.5926839999999998,10.430782208558028,5.0
829,1.591496,10.436813208558029,5.0
830,1.591573,10.442832208558029,5.0
831,1.6005820000000002,10.412889208558028,5.0
832,1.60935,10.381729208558028,5.0
833,1.6181579999999998,10.350625208558029,5.0
834,1.627081,10.319684208558028,5.0
835,1.6360799999999998,10.288851208558029,5.0
836,1.6456819999999999,10.256070208558029,5.0
837,1.6576579999999999,10.227141208558027,5.0
838,1.670954,10.201373208558028,5.0
839,1.6845080000000001,10.187575208558028,5.0
840,1.698073,10.173999208558028,5.0
841,1.713483,10.165874208558028,5.0
842,1.729047,10.15765820855803,5.0
843,1.7446080000000002,10.149124208558028,5.0
844,1.760449,10.141695208558028,5.0
845,1.7751099999999997,10.124224208558028,5.0
846,1.788701,10.104847208558029,5.0
847,1.8023159999999998,10.086761208558029,5.0
848,1.8159129999999999,10.068583208558028,5.0
849,1.8296770000000002,10.050604208558028,5.0
850,1.8436239999999997,10.032820208558029,5.0
851,1.857814,10.015299208558028,5.0
852,1.871903,9.995660208558029,5.0
853,1.884885,9.967616208558027,5.0
854,1.8980770000000002,9.939999208558028,5.0
855,1.911469,9.912713208558028,5.0
856,1.925039,9.885723208558028,5.0
857,1.939635,9.859229208558029,5.0
858,1.9545289999999997,9.83297220855803,5.0
859,1.969568,9.806910208558028,5.0
860,1.98473,9.781024208558028,5.0
861,1.999907,9.75530320855803,5.0
862,2.015258,9.729831208558029,5.0
863,2.030751,9.704491208558029,5.0
864,2.046425,9.679257208558028,5.0
865,2.062283,9.654167208558029,5.0
866,2.078249,9.629153208558028,5.0
867,2.0943829999999997,9.604245208558028,5.0
868,2.110628,9.579334208558029,5.0
869,2.12704,9.554650208558028,5.0
870,2.143603,9.530317208558028,5.0
871,2.160285,9.50625720855803,5.0
872,2.1770739999999997,9.482420208558029,5.0
873,2.1939789999999997,9.458794208558029,5.0
874,2.211119,9.435539208558028,5.0
875,2.2284119999999996,9.412489208558029,5.0
876,2.2463230000000003,9.390390208558028,5.0
877,2.2651010000000005,9.369601208558029,5.0
878,2.285484,9.351642208558028,5.0
879,2.306998,9.334810208558029,5.0
880,2.3296289999999997,9.318169208558029,5.0
881,2.352551,9.301584208558028,5.0
882,2.375496,9.28446920855803,5.0
883,2.398149,9.266216208558028,5.0
884,2.4204679999999996,9.246650208558028,5.0
885,2.4420779999999995,9.225665208558029,5.0
886,2.463591,9.205559208558029,5.0
887,2.4846909999999998,9.184901208558028,5.0
888,2.504982,9.162246208558027,5.0
889,2.525354,9.140051208558027,5.0
890,2.547195,9.120770208558028,5.0
891,2.571771,9.107056208558028,5.0
892,2.580818,9.108449208558028,5.0
893,2.583818,9.119099208558028,5.0
894,2.584091,9.135554208558029,5.0
895,2.5682910000000003,9.158483208558028,5.0
896,2.551035,9.18048920855803,5.0
897,2.533914,9.20291920855803,5.0
898,2.5169499999999996,9.225958208558028,5.0
899,2.499597,9.24839120855803,5.0
900,2.481759,9.270316208558029,5.0
901,2.464356,9.293022208558028,5.0
902,2.446517,9.315149208558028,5.0
903,2.429003,9.337993208558029,5.0
904,2.411229,9.360296208558028,5.0
905,2.391883,9.38350720855803,5.0
906,2.3720440000000003,9.406499208558028,5.0
907,2.3524649999999996,9.429372208558028,5.0
908,2.3339410000000003,9.452872208558029,5.0
909,2.315301,9.475126208558027,5.0
910,2.296908,9.497440208558029,5.0
911,2.2786350000000004,9.519716208558028,5.0
912,2.260796,9.542454208558029,5.0
913,2.242944,9.565016208558028,5.0
914,2.225358,9.587819208558027,5.0
915,2.225615,9.585848208558028,5.0
916,2.226851,9.583409208558027,5.0
917,2.230797,9.577254208558028,5.0
918,2.241222,9.562926208558029,5.0
919,2.2572840000000003,9.542014208558028,5.0
920,2.273666,9.521045208558029,5.0
921,2.290218,9.500184208558029,5.0
922,2.307038,9.479541208558029,5.0
923,2.32387,9.458698208558028,5.0
924,2.3411109999999997,9.43777120855803,5.0
925,2.360734,9.415147208558029,5.0
926,2.380557,9.392406208558029,5.0
927,2.3882120000000002,9.384034208558028,5.0
928,2.386907,9.38657620855803,5.0
929,2.376678,9.399699208558028,5.0
930,2.363429,9.41448420855803,5.0
931,2.350213,9.430461208558029,5.0
932,2.3347480000000003,9.447421208558028,5.0
933,2.3166759999999997,9.470485208558028,5.0
934,2.2983599999999997,9.492942208558029,5.0
935,2.2802569999999998,9.515475208558028,5.0
936,2.262198,9.537886208558028,5.0
937,2.2445060000000003,9.560696208558028,5.0
938,2.2270259999999995,9.583716208558029,5.0
939,2.2244029999999997,9.585230208558029,5.0
940,2.2182890000000004,9.592622208558028,5.0
941,2.201123,9.615987208558028,5.0
942,2.1836919999999997,9.638899208558028,5.0
943,2.166778,9.662601208558028,5.0
944,2.1497960000000003,9.686216208558028,5.0
945,2.132904,9.710010208558028,5.0
946,2.11657,9.734745208558028,5.0
947,2.099984,9.759216208558028,5.0
948,2.083718,9.784151208558029,5.0
949,2.067773,9.807966208558028,5.0
950,2.0528120000000003,9.830679208558028,5.0
951,2.037832,9.854323208558029,5.0
952,2.0223310000000003,9.878168208558028,5.0
953,2.015035,9.890531208558029,5.0
954,2.0057639999999997,9.905883208558029,5.0
955,1.990343,9.931293208558028,5.0
956,1.9753889999999998,9.954704208558027,5.0
957,1.9648879999999997,9.972360208558028,5.0
958,1.953205,9.992083208558029,5.0
959,1.9429800000000002,10.009712208558028,5.0
960,1.9495839999999998,9.995024208558029,5.0
961,1.9621439999999999,9.971153208558029,5.0
962,1.9774429999999998,9.945432208558028,5.0
963,1.9927900000000003,9.919821208558028,5.0
964,2.008201,9.894356208558028,5.0
965,2.023687,9.868914208558028,5.0
966,2.039328,9.843585208558029,5.0
967,2.055092,9.818219208558029,5.0
968,2.0709109999999997,9.792796208558029,5.0
969,2.086824,9.767375208558029,5.0
970,2.10266,9.741660208558027,5.0
971,2.118633,9.716134208558028,5.0
972,2.134522,9.690566208558028,5.0
973,2.1500390000000005,9.664532208558029,5.0
974,2.155208,9.649006208558028,5.0
975,2.157045,9.643377208558029,5.0
976,2.15924,9.638370208558028,5.0
977,2.1608330000000002,9.632396208558028,5.0
978,2.16277,9.626954208558029,5.0
979,2.1654720000000003,9.618516208558027,5.0
980,2.161165,9.615509208558027,5.0
981,2.143691,9.638042208558028,5.0
982,2.126574,9.661404208558029,5.0
983,2.109768,9.685399208558028,5.0
984,2.0972169999999997,9.703232208558028,5.0
985,2.0809670000000002,9.727349208558028,5.0
986,2.064339,9.751295208558028,5.0
987,2.048119,9.775845208558028,5.0
988,2.0322750000000003,9.800866208558029,5.0
989,2.016489,9.825776208558029,5.0
990,2.000855,9.850803208558029,5.0
991,1.9856530000000001,9.876483208558028,5.0
992,1.970123,9.901779208558029,5.0
993,1.954936,9.927615208558029,5.0
994,1.9397480000000002,9.953410208558028,5.0
995,1.925502,9.979739208558028,5.0
996,1.9118090000000003,10.006520208558028,5.0
997,1.8983689999999998,10.033748208558029,5.0
998,1.8850120000000001,10.061072208558029,5.0
999,1.871974,10.089008208558027,5.0
1000,1.8590520000000001,10.117231208558028,5.0
1001,1.8461049999999999,10.145445208558028,5.0
1002,1.833843,10.174645208558028,5.0
1003,1.821365,10.203449208558029,5.0
1004,1.809307,10.232854208558027,5.0
1005,1.7977750000000001,10.263031208558028,5.0
1006,1.7857029999999998,10.292345208558029,5.0
1007,1.774049,10.322322208558028,5.0
1008,1.7629799999999998,10.353195208558029,5.0
1009,1.751877,10.384024208558028,5.0
1010,1.7411269999999996,10.415430208558028,5.0
1011,1.7353710000000002,10.435563208558028,5.0
1012,1.730464,10.451011208558029,5.0
1013,1.725825,10.466869208558029,5.0
1014,1.7214920000000002,10.483173208558028,5.0
1015,1.717495,10.499969208558028,5.0
1016,1.713886,10.517261208558029,5.0
1017,1.7199430000000002,10.507918208558028,5.0
1018,1.731719,10.478083208558028,5.0
1019,1.7432729999999999,10.447907208558028,5.0
1020,1.75487,10.417830208558028,5.0
1021,1.7664779999999998,10.387788208558028,5.0
1022,1.778153,10.357858208558028,5.0
1023,1.7899209999999999,10.328066208558027,5.0
1024,1.8018100000000001,10.298446208558028,5.0
1025,1.813799,10.268949208558029,5.0
1026,1.825954,10.239660208558028,5.0
1027,1.838282,10.210579208558029,5.0
1028,1.8508459999999998,10.181789208558028,5.0
1029,1.863654,10.15333120855803,5.0
1030,1.876592,10.125174208558029,5.0
1031,1.8896380000000002,10.097274208558028,5.0
1032,1.9028960000000001,10.069746208558028,5.0
1033,1.9163839999999999,10.042591208558028,5.0
1034,1.9299590000000002,10.015602208558029,5.0
1035,1.943613,9.988756208558028,5.0
1036,1.9584,9.962412208558028,5.0
1037,1.973404,9.936248208558029,5.0
1038,1.9884470000000003,9.910148208558029,5.0
1039,2.0034909999999995,9.884165208558027,5.0
1040,2.0186469999999996,9.858292208558028,5.0
1041,2.033926,9.832506208558028,5.0
1042,2.049391,9.806824208558028,5.0
1043,2.064985,9.781196208558029,5.0
1044,2.0807830000000003,9.755790208558029,5.0
1045,2.096689,9.730393208558029,5.0
1046,2.112693,9.705005208558028,5.0
1047,2.128839,9.679914208558028,5.0
1048,2.145119,9.655125208558028,5.0
1049,2.161576,9.630684208558028,5.0
1050,2.178194,9.606538208558028,5.0
1051,2.195013,9.582729208558028,5.0
1052,2.2119609999999996,9.559107208558029,5.0
1053,2.229044,9.535652208558028,5.0
1054,2.2462590000000002,9.51232620855803,5.0
1055,2.263708,9.489259208558028,5.0
1056,2.2813,9.466273208558029,5.0
1057,2.2989550000000003,9.443216208558027,5.0
1058,2.3171230000000005,9.420294208558028,5.0
1059,2.336115,9.397403208558028,5.0
1060,2.3552049999999998,9.374379208558029,5.0
1061,2.374375,9.351171208558029,5.0
1062,2.393605,9.327725208558029,5.0
1063,2.412974,9.304082208558029,5.0
1064,2.432425,9.280134208558028,5.0
1065,2.4516090000000004,9.255880208558029,5.0
1066,2.470477,9.231449208558029,5.0
1067,2.489183,9.206659208558028,5.0
1068,2.5076349999999996,9.181548208558029,5.0
1069,2.525856,9.156230208558028,5.0
1070,2.54377,9.130851208558028,5.0
1071,2.561388,9.105174208558028,5.0
1072,2.570526,9.089895208558028,5.0
1073,2.578265,9.076907208558028,5.0
1074,2.585628,9.063357208558028,5.0
1075,2.592764,9.049486208558028,5.0
1076,2.598363,9.033812208558029,5.0
1077,2.585203,9.044844208558029,5.0
1078,2.5722810000000003,9.060422208558029,5.0
1079,2.559093,9.076571208558029,5.0
1080,2.5456950000000003,9.092542208558028,5.0
1081,2.531834,9.108173208558028,5.0
1082,2.5143389999999997,9.126910208558028,5.0
1083,2.4956840000000002,9.151650208558028,5.0
1084,2.477296,9.176533208558029,5.0
1085,2.4586880000000004,9.201310208558027,5.0
1086,2.440041,9.226169208558028,5.0
1087,2.4211089999999995,9.250601208558027,5.0
1088,2.402224,9.274738208558029,5.0
1089,2.3834739999999996,9.298739208558029,5.0
1090,2.364554,9.322196208558028,5.0
1091,2.3508699999999996,9.34004320855803,5.0
1092,2.342497,9.352065208558027,5.0
1093,2.334313,9.362837208558028,5.0
1094,2.327344,9.37280020855803,5.0
1095,2.337725,9.358970208558029,5.0
1096,2.3409440000000004,9.354365208558029,5.0
1097,2.3421019999999997,9.351648208558029,5.0
1098,2.343277,9.348956208558029,5.0
1099,2.344302,9.346038208558028,5.0
1100,2.3288070000000003,9.363087208558028,5.0
1101,2.3147450000000003,9.379619208558028,5.0
1102,2.301642,9.394967208558029,5.0
1103,2.288551,9.410109208558028,5.0
1104,2.276466,9.425849208558027,5.0
1105,2.2591010000000002,9.445762208558028,5.0
1106,2.2419340000000005,9.469079208558028,5.0
1107,2.224404,9.491745208558028,5.0
1108,2.207122,9.514754208558028,5.0
1109,2.189926,9.537849208558029,5.0
1110,2.173012,9.561419208558029,5.0
1111,2.15659,9.585794208558028,5.0
1112,2.139141,9.608636208558028,5.0
1113,2.122591,9.632993208558029,5.0
1114,2.106014,9.657418208558028,5.0
1115,2.089879,9.682388208558027,5.0
1116,2.073511,9.706844208558028,5.0
1117,2.0570749999999998,9.731018208558028,5.0
1118,2.041187,9.756001208558029,5.0
1119,2.024865,9.780099208558028,5.0
1120,2.009265,9.805195208558029,5.0
1121,1.9931930000000002,9.829412208558029,5.0
1122,1.977364,9.854132208558028,5.0
1123,1.96198,9.879630208558028,5.0
1124,1.948782,9.899766208558027,5.0
1125,1.9416070000000003,9.912243208558028,5.0
1126,1.934026,9.924061208558028,5.0
1127,1.926565,9.936075208558028,5.0
1128,1.9194540000000002,9.948638208558028,5.0
1129,1.9186100000000001,9.947739208558028,5.0
1130,1.928331,9.928834208558028,5.0
1131,1.9397630000000001,9.907006208558029,5.0
1132,1.9548550000000002,9.88106720855803,5.0
1133,1.970147,9.855406208558028,5.0
1134,1.985518,9.829852208558028,5.0
1135,2.000842,9.804376208558029,5.0
1136,2.016216,9.778935208558028,5.0
1137,2.0316780000000003,9.753525208558028,5.0
1138,2.0472520000000003,9.728100208558029,5.0
1139,2.062884,9.702637208558029,5.0
1140,2.078435,9.676946208558029,5.0
1141,2.0939449999999997,9.651051208558028,5.0
1142,2.109317,9.624783208558028,5.0
1143,2.1243469999999998,9.597850208558029,5.0
1144,2.139004,9.570435208558028,5.0
1145,2.152819,9.541860208558028,5.0
1146,2.165476,9.511718208558028,5.0
1147,2.1760530000000005,9.479025208558028,5.0
1148,2.181507,9.441620208558028,5.0
1149,2.1789899999999998,9.398676208558028,5.0
1150,2.1653979999999997,9.350946208558028,6.0
1151,2.085476,9.223705208558028,6.0
1152,1.996132,9.126987208558027,6.0
1153,1.9093579999999999,9.049124208558029,6.0
1154,1.8276029999999999,8.976739208558028,6.0
1155,1.746912,8.911568208558029,6.0
1156,1.6666509999999999,8.853711208558028,6.0
1157,1.586564,8.80265520855803,6.0
1158,1.5053039999999998,8.757652208558028,6.0
1159,1.4255110000000002,8.721562208558028,6.0
1160,1.3550330000000002,8.699424208558028,6.0
1161,1.285072,8.677939208558028,6.0
1162,1.2126699999999997,8.654404208558027,6.0
1163,1.1402379999999996,8.631559208558029,6.0
1164,1.070716,8.612126208558028,6.0
1165,1.007269,8.599237208558028,6.0
1166,0.9465339999999998,8.590380208558027,6.0
1167,0.8882159999999999,8.585183208558028,6.0
1168,0.8297180000000002,8.580275208558028,6.0
1169,0.7712220000000003,8.576603208558028,6.0
1170,0.7130180000000004,8.575467208558027,6.0
1171,0.6537989999999998,8.578068208558028,6.0
1172,0.5996269999999999,8.582995208558028,6.0
1173,0.550259,8.591639208558028,6.0
1174,0.5041029999999997,8.602604208558027,6.0
1175,0.4574609999999999,8.614279208558028,6.0
1176,0.42094200000000015,8.633588208558027,6.0
1177,0.3916500000000003,8.659721208558029,6.0
1178,0.37162499999999987,8.693089208558028,6.0
1179,0.3496830000000002,8.729686208558029,6.0
1180,0.33377100000000004,8.771907208558028,6.0
1181,0.32818800000000037,8.822926208558028,6.0
1182,0.3108279999999999,8.87130720855803,6.0
1183,0.27672399999999975,8.91171920855803,6.0
1184,0.2682540000000002,8.969143208558028,6.0
1185,0.2577510000000003,9.027320208558027,6.0
1186,0.2470239999999997,9.086698208558028,6.0
1187,0.23621099999999995,9.147078208558028,6.0
1188,0.22531900000000027,9.208508208558028,6.0
1189,0.21437699999999982,9.271024208558028,6.0
1190,0.20325799999999994,9.335053208558028,6.0
1191,0.19209500000000013,9.400087208558029,6.0
1192,0.17942300000000033,9.464183208558028,6.0
1193,0.1671140000000002,9.527620208558028,6.0
1194,0.15486099999999992,9.591594208558028,6.0
1195,0.1422150000000002,9.657433208558029,6.0
1196,0.1297489999999999,9.725555208558028,6.0
1197,0.11659599999999992,9.793810208558028,6.0
1198,0.10187499999999972,9.860431208558028,6.0
1199,0.08676499999999976,9.926442208558028,6.0
1200,0.0740940000000001,9.993130208558028,6.0
1201,0.06351799999999996,10.060380208558028,6.0
1202,0.05275999999999992,10.127988208558028,6.0
1203,0.04176500000000005,10.195827208558029,6.0
1204,0.030893999999999977,10.26376720855803,6.0
1205,0.02015100000000003,10.331546208558029,6.0
1206,0.009500000000000064,10.399420208558029,6.0
1207,-0.0008980000000000654,10.467043208558028,6.0
1208,-0.011122999999999994,10.534324208558028,6.0
1209,-0.023031000000000024,10.603759208558028,6.0
1210,-0.03502700000000014,10.672991208558027,6.0
1211,-0.04494600000000015,10.738611208558028,6.0
1212,-0.05352299999999999,10.801001208558029,6.0
1213,-0.06240899999999994,10.86460920855803,6.0
1214,-0.07123400000000002,10.928329208558027,6.0
1215,-0.08012300000000006,10.993130208558028,6.0
1216,-0.089167,11.059255208558028,6.0
1217,-0.09842099999999998,11.126785208558028,6.0
1218,-0.10791200000000001,11.196034208558029,6.0
1219,-0.11770199999999997,11.266479208558028,6.0
1220,-0.12781900000000002,11.336852208558028,6.0
1221,-0.13792000000000004,11.406517208558029,6.0
1222,-0.147696,11.474386208558029,6.0
1223,-0.15680699999999997,11.539689208558029,6.0
1224,-0.16526799999999997,11.603871208558028,6.0
1225,-0.172921,11.666966208558028,6.0
1226,-0.18020399999999998,11.727697208558029,6.0
1227,-0.187203,11.787523208558028,6.0
1228,-0.19360899999999998,11.847960208558028,6.0
1229,-0.199108,11.910170208558029,6.0
1230,-0.20338699999999998,11.976558208558028,6.0
1231,-0.20600200000000002,12.047598208558028,6.0
1232,-0.206737,12.121060208558028,6.0
1233,-0.206434,12.197543208558029,6.0
1234,-0.205992,12.278015208558028,6.0
1235,-0.20632099999999998,12.362366208558027,6.0
1236,-0.20770599999999995,12.451306208558028,6.0
1237,-0.209453,12.545876208558028,6.0
1238,-0.21159800000000006,12.643314208558028,6.0
1239,-0.21419200000000005,12.740891208558029,6.0
1240,-0.21748299999999998,12.839582208558028,6.0
1241,-0.2217929999999999,12.942816208558028,6.0
1242,-0.22616999999999998,13.043903208558028,6.0
1243,-0.22956500000000002,13.137100208558028,6.0
1244,-0.23092000000000001,13.214985208558028,6.0
1245,-0.23045799999999983,13.276280208558028,6.0
1246,-0.22893600000000003,13.327910208558029,6.0
1247,-0.22706899999999997,13.377293208558028,6.0
1248,-0.2255100000000001,13.430248208558028,6.0
1249,-0.224858,13.494235208558027,6.0
1250,-0.22562400000000005,13.575751208558028,6.0
1251,-0.2276459999999998,13.672097208558029,6.0
1252,-0.230437,13.779453208558028,6.0
1253,-0.23363899999999993,13.894280208558028,6.0
1254,-0.2368990000000002,14.01416820855803,6.0
1255,-0.23988500000000013,14.136743208558029,6.0
1256,-0.24234999999999962,14.259831208558028,6.0
1257,-0.24451,14.384586208558028,6.0
1258,-0.24642399999999975,14.510740208558028,6.0
1259,-0.24809400000000004,14.635915208558028,6.0
1260,-0.2494900000000002,14.758009208558029,6.0
1261,-0.250645,14.875315208558028,6.0
1262,-0.25160000000000027,14.987253208558029,6.0
1263,-0.2523930000000001,15.094246208558028,6.0
1264,-0.2530570000000001,15.196972208558028,6.0
1265,-0.25361900000000004,15.296293208558028,6.0
1266,-0.25409000000000015,15.392903208558028,6.0
1267,-0.25448700000000013,15.487342208558028,6.0
1268,-0.2548090000000003,15.579944208558029,6.0
1269,-0.25505500000000003,15.670908208558028,6.0
1270,-0.25522299999999953,15.759922208558027,6.0
1271,-0.25531099999999984,15.846718208558029,6.0
1272,-0.2553219999999996,15.930903208558028,6.0
1273,-0.25526300000000024,16.012349208558028,6.0
1274,-0.2551420000000002,16.09123320855803,6.0
1275,-0.254969,16.16774220855803,6.0
1276,-0.25475199999999987,16.242106208558027,6.0
1277,-0.2545030000000006,16.314614208558027,6.0
1278,-0.2542239999999998,16.385714208558028,6.0
1279,-0.25392299999999945,16.455797208558028,6.0
1280,-0.25360799999999983,16.52524920855803,6.0
1281,-0.253285,16.59455620855803,6.0
1282,-0.25297000000000036,16.66443820855803,6.0
1283,-0.25269100000000044,16.73706220855803,6.0
1284,-0.2525200000000005,16.816512208558027,6.0
1285,-0.2525750000000002,16.907943208558027,6.0
1286,-0.2538179999999999,16.97844220855803,6.0
1287,-0.2550650000000001,16.987325208558026,6.0
1288,-0.25624999999999964,16.993647208558027,6.0
1289,-0.2574000000000005,16.998929208558028,6.0
1290,-0.2585160000000002,17.003359208558027,6.0
1291,-0.2595989999999997,17.00683420855803,6.0
1292,-0.26065300000000047,17.009417208558027,6.0
1293,-0.26167799999999986,17.01119920855803,6.0
1294,-0.26287899999999986,17.010703208558027,6.0
1295,-0.26374800000000054,16.972727208558027,6.0
1296,-0.26329699999999967,16.967257208558028,6.0
1297,-0.2633480000000006,16.951876208558026,6.0
1298,-0.2641330000000002,16.90303020855803,6.0
1299,-0.26490100000000005,16.85430320855803,6.0
1300,-0.2656539999999996,16.80553420855803,6.0
1301,-0.2663890000000002,16.75699320855803,6.0
1302,-0.26710600000000007,16.708672208558028,6.0
1303,-0.26780199999999965,16.66030920855803,6.0
1304,-0.2684740000000003,16.611538208558027,6.0
1305,-0.2691119999999998,16.56231520855803,6.0
1306,-0.2696449999999997,16.509209208558026,6.0
1307,-0.2698899999999993,16.46015720855803,6.0
1308,-0.2700899999999997,16.419036208558026,6.0
1309,-0.27026900000000076,16.378898208558027,6.0
1310,-0.2704279999999999,16.33945220855803,6.0
1311,-0.2707280000000001,16.293352208558026,6.0
1312,-0.27117599999999964,16.247214208558027,6.0
1313,-0.27157699999999974,16.200954208558027,6.0
1314,-0.2719319999999996,16.15412620855803,6.0
1315,-0.27223799999999976,16.10624120855803,6.0
1316,-0.27249999999999996,16.057012208558028,6.0
1317,-0.27271599999999996,16.00617020855803,6.0
1318,-0.2728959999999998,15.953649208558028,6.0
1319,-0.2730410000000001,15.899440208558028,6.0
1320,-0.2727069999999996,15.830526208558029,6.0
1321,-0.2719079999999998,15.75349220855803,6.0
1322,-0.27107499999999973,15.675237208558029,6.0
1323,-0.2702089999999999,15.595606208558028,6.0
1324,-0.26927199999999996,15.51255420855803,6.0
1325,-0.2682889999999998,15.427564208558028,6.0
1326,-0.2672509999999999,15.340699208558028,6.0
1327,-0.26615999999999973,15.252185208558029,6.0
1328,-0.265015,15.162194208558027,6.0
1329,-0.2637440000000004,15.073864208558028,6.0
1330,-0.2623249999999997,14.987970208558028,6.0
1331,-0.26240900000000034,14.977821208558028,6.0
1332,-0.26324999999999976,15.032946208558029,6.0
1333,-0.264278,15.106557208558028,6.0
1334,-0.26547399999999977,15.214590208558029,6.0
1335,-0.2665890000000002,15.325850208558029,6.0
1336,-0.2676820000000002,15.434350208558028,6.0
1337,-0.26873499999999995,15.541930208558028,6.0
1338,-0.26981100000000025,15.648531208558028,6.0
1339,-0.27087499999999975,15.753719208558028,6.0
1340,-0.27191900000000047,15.858796208558028,6.0
1341,-0.27292400000000017,15.96546520855803,6.0
1342,-0.27387100000000064,16.07429120855803,6.0
1343,-0.27475499999999986,16.18527320855803,6.0
1344,-0.2755700000000001,16.297946208558027,6.0
1345,-0.2763149999999994,16.41228220855803,6.0
1346,-0.2769889999999995,16.52812020855803,6.0
1347,-0.2775850000000002,16.645992208558027,6.0
1348,-0.27810000000000024,16.76613120855803,6.0
1349,-0.2785190000000002,16.888630208558027,6.0
1350,-0.27884200000000003,17.01299020855803,6.0
1351,-0.2790429999999997,17.13747120855803,6.0
1352,-0.27913299999999985,17.26002720855803,6.0
1353,-0.2790310000000007,17.37274420855803,6.0
1354,-0.2787519999999999,17.47461320855803,6.0
1355,-0.27834800000000026,17.568268208558028,6.0
1356,-0.2778489999999998,17.655668208558026,6.0
1357,-0.27727700000000066,17.73791920855803,6.0
1358,-0.27664499999999936,17.816111208558027,6.0
1359,-0.27596100000000057,17.891026208558028,6.0
1360,-0.2752340000000002,17.96289720855803,6.0
1361,-0.27446399999999915,18.032111208558028,6.0
1362,-0.2736540000000005,18.098834208558028,6.0
1363,-0.2728060000000001,18.163303208558027,6.0
1364,-0.271922,18.225897208558028,6.0
1365,-0.2710030000000003,18.28672020855803,6.0
1366,-0.27004999999999946,18.345971208558026,6.0
1367,-0.2690659999999996,18.40373920855803,6.0
1368,-0.26805199999999996,18.46027820855803,6.0
1369,-0.2670079999999997,18.51558820855803,6.0
1370,-0.2659319999999994,18.56982420855803,6.0
1371,-0.2648280000000005,18.62310420855803,6.0
1372,-0.2636909999999997,18.675521208558028,6.0
1373,-0.262524,18.72713520855803,6.0
1374,-0.2613279999999998,18.77801620855803,6.0
1375,-0.26010500000000025,18.828305208558028,6.0
1376,-0.2588549999999996,18.87812520855803,6.0
1377,-0.2575820000000002,18.92775820855803,6.0
1378,-0.2562930000000003,18.978049208558026,6.0
1379,-0.2549960000000002,19.029397208558027,6.0
1380,-0.25367600000000046,19.080772208558027,6.0
1381,-0.25232800000000033,19.131763208558027,6.0
1382,-0.25095000000000045,19.182274208558027,6.0
1383,-0.24954500000000035,19.23230220855803,6.0
1384,-0.2481049999999998,19.28181420855803,6.0
1385,-0.2466310000000007,19.330793208558028,6.0
1386,-0.24511899999999986,19.379239208558026,6.0
1387,-0.24357000000000006,19.427170208558028,6.0
1388,-0.24197999999999986,19.474632208558027,6.0
1389,-0.24021000000000026,19.520778208558028,6.0
1390,-0.23805599999999938,19.56451220855803,6.0
1391,-0.23567099999999996,19.607363208558027,6.0
1392,-0.23325499999999977,19.652193208558028,6.0
1393,-0.2309960000000002,19.701639208558028,6.0
1394,-0.22896099999999997,19.753923208558028,6.0
1395,-0.22724100000000025,19.80828520855803,6.0
1396,-0.2259690000000001,19.86525220855803,6.0
1397,-0.2252900000000002,19.925627208558026,6.0
1398,-0.22535799999999906,19.990429208558027,6.0
1399,-0.22572100000000006,20.061648208558026,6.0
1400,-0.22600599999999993,20.13933820855803,6.0
1401,-0.22620100000000143,20.22208620855803,6.0
1402,-0.22634000000000043,20.308401208558028,6.0
1403,-0.22643900000000095,20.39672620855803,6.0
1404,-0.2265290000000011,20.48547820855803,6.0
1405,-0.22662200000000077,20.57294620855803,6.0
1406,-0.22674899999999987,20.65734720855803,6.0
1407,-0.22692100000000082,20.736863208558027,6.0
1408,-0.2271649999999994,20.80955620855803,6.0
1409,-0.22749299999999906,20.87346020855803,6.0
1410,-0.22723200000000077,20.92536120855803,6.0
1411,-0.22607200000000027,20.96619020855803,6.0
1412,-0.2242910000000009,20.999554208558028,6.0
1413,-0.22217800000000132,21.029104208558028,6.0
1414,-0.22001500000000007,21.05863220855803,6.0
1415,-0.21810200000000002,21.092056208558027,6.0
1416,-0.21636799999999923,21.12815420855803,6.0
1417,-0.2145949999999992,21.164054208558028,6.0
1418,-0.21276699999999948,21.199900208558027,6.0
1419,-0.21086000000000027,21.23587220855803,6.0
1420,-0.20885700000000007,21.272140208558028,6.0
1421,-0.20673600000000114,21.308884208558027,6.0
1422,-0.20449399999999862,21.34618620855803,6.0
1423,-0.20220100000000052,21.383598208558027,6.0
1424,-0.19984099999999927,21.421217208558026,6.0
1425,-0.19737700000000125,21.45929320855803,6.0
1426,-0.1947650000000003,21.498050208558027,6.0
1427,-0.19196900000000028,21.537730208558028,6.0
1428,-0.18895000000000017,21.57855820855803,6.0
1429,-0.18566799999999972,21.62078920855803,6.0
1430,-0.18216900000000003,21.664856208558028,6.0
1431,-0.17848900000000079,21.710656208558028,6.0
1432,-0.17461100000000052,21.75780320855803,6.0
1433,-0.17052200000000006,21.805902208558027,6.0
1434,-0.166207,21.85456720855803,6.0
1435,-0.16165200000000013,21.90339820855803,6.0
1436,-0.15684500000000057,21.95200720855803,6.0
1437,-0.15177000000000085,21.999983208558028,6.0
1438,-0.1463650000000012,22.047531208558027,6.0
1439,-0.14054900000000004,22.09561520855803,6.0
1440,-0.1343879999999995,22.14407720855803,6.0
1441,-0.12794600000000145,22.19267520855803,6.0
1442,-0.12129199999999862,22.24122720855803,6.0
1443,-0.11449799999999932,22.28951520855803,6.0
1444,-0.10762900000000108,22.33731920855803,6.0
1445,-0.10075499999999948,22.38442620855803,6.0
1446,-0.093947,22.430600208558026,6.0
1447,-0.08727200000000046,22.475614208558028,6.0
1448,-0.08066700000000004,22.51945720855803,6.0
1449,-0.07404099999999936,22.562334208558028,6.0
1450,-0.06738800000000111,22.604324208558026,6.0
1451,-0.06071300000000157,22.645508208558027,6.0
